[{"model": "edu.product", "pk": 1, "fields": {"name": "Physics", "creator": "Neumann", "start_date": "2024-03-26T19:00:00Z", "max_groups": 3, "min_users_per_group": 1, "max_users_per_group": 3, "price": 24.1}}, {"model": "edu.product", "pk": 2, "fields": {"name": "Math", "creator": "Euler", "start_date": "2024-03-26T19:00:00Z", "max_groups": 3, "min_users_per_group": 1, "max_users_per_group": 3, "price": 20.7}}, {"model": "edu.product", "pk": 3, "fields": {"name": "Biology", "creator": "Ishino", "start_date": "2024-03-26T19:00:00Z", "max_groups": 3, "min_users_per_group": 1, "max_users_per_group": 3, "price": 20.7}}, {"model": "edu.product", "pk": 4, "fields": {"name": "Chemistry", "creator": "Lavoisier", "start_date": "2024-03-26T19:00:00Z", "max_groups": 3, "min_users_per_group": 1, "max_users_per_group": 3, "price": 20.7}}, {"model": "edu.lesson", "pk": 2, "fields": {"name": "The Building Blocks of Everything: Exploring Elements and the Periodic Table", "link": "https://learnit.com/chem30", "product": 4}}, {"model": "edu.lesson", "pk": 3, "fields": {"name": "Unveiling the Dance of Atoms: Understanding Chemical Bonding", "link": "https://learnit.com/chem43", "product": 4}}, {"model": "edu.lesson", "pk": 4, "fields": {"name": "Reactions: The Transformations that Shape Our World", "link": "https://learnit.com/chem45", "product": 4}}, {"model": "edu.lesson", "pk": 5, "fields": {"name": "Mastering the Solutions: Exploring Mixtures and Concentrations", "link": "https://learnit.com/chem18", "product": 4}}, {"model": "edu.lesson", "pk": 6, "fields": {"name": "The Power of Acids and Bases: Understanding pH and Equilibrium", "link": "https://learnit.com/chem84", "product": 4}}, {"model": "edu.lesson", "pk": 7, "fields": {"name": "From Fuels to Pharmaceuticals: Exploring Organic Chemistry", "link": "https://learnit.com/chem2", "product": 4}}, {"model": "edu.lesson", "pk": 8, "fields": {"name": "Metals: The Elements that Move the World", "link": "https://learnit.com/chem13", "product": 4}}, {"model": "edu.lesson", "pk": 9, "fields": {"name": "The Language of Chemistry: Understanding Chemical Equations and Stoichiometry", "link": "https://learnit.com/chem37", "product": 4}}, {"model": "edu.lesson", "pk": 10, "fields": {"name": "Chemistry in Action: Exploring Rate Laws and Reaction Mechanisms", "link": "https://learnit.com/chem59", "product": 4}}, {"model": "edu.lesson", "pk": 11, "fields": {"name": "Chemistry and Our Environment: Understanding Sustainability and Green Chemistry", "link": "https://learnit.com/chem83", "product": 4}}, {"model": "edu.lesson", "pk": 12, "fields": {"name": "The Magic of Numbers: Unveiling Number Systems and Operations", "link": "https://learnit.com/math96", "product": 2}}, {"model": "edu.lesson", "pk": 13, "fields": {"name": "Conquering Equations: Mastering Algebra and its Applications", "link": "https://learnit.com/math61", "product": 2}}, {"model": "edu.lesson", "pk": 14, "fields": {"name": "Unlocking the Secrets of Shapes: Exploring Geometry and Measurement", "link": "https://learnit.com/math95", "product": 2}}, {"model": "edu.lesson", "pk": 15, "fields": {"name": "The Power of Functions: Modeling the World Around Us", "link": "https://learnit.com/math78", "product": 2}}, {"model": "edu.lesson", "pk": 16, "fields": {"name": "Decoding Information: Exploring Probability and Statistics", "link": "https://learnit.com/math19", "product": 2}}, {"model": "edu.lesson", "pk": 17, "fields": {"name": "Journeys Through Infinity: Unveiling Calculus and its Applications", "link": "https://learnit.com/math97", "product": 2}}, {"model": "edu.lesson", "pk": 18, "fields": {"name": "The Language of Logic: Understanding Set Theory and Reasoning", "link": "https://learnit.com/math56", "product": 2}}, {"model": "edu.lesson", "pk": 19, "fields": {"name": "Problem-Solving Powerhouse: Developing Strategies and Techniques", "link": "https://learnit.com/math54", "product": 2}}, {"model": "edu.lesson", "pk": 20, "fields": {"name": "Exploring the World of Data: Analysis and Interpretation", "link": "https://learnit.com/math78", "product": 2}}, {"model": "edu.lesson", "pk": 21, "fields": {"name": "From Puzzles to Proofs: Unveiling the Beauty of Mathematics", "link": "https://learnit.com/math83", "product": 2}}, {"model": "edu.lesson", "pk": 32, "fields": {"name": "The Building Blocks of Life: Unveiling the Cell", "link": "https://learnit.com/bio38", "product": 3}}, {"model": "edu.lesson", "pk": 33, "fields": {"name": "From Blueprint to Being: Exploring DNA and Genetics", "link": "https://learnit.com/bio56", "product": 3}}, {"model": "edu.lesson", "pk": 34, "fields": {"name": "The Symphony of Life: Understanding Cell Processes", "link": "https://learnit.com/bio33", "product": 3}}, {"model": "edu.lesson", "pk": 35, "fields": {"name": "The Diversity of Life: A Journey through the Kingdoms", "link": "https://learnit.com/bio17", "product": 3}}, {"model": "edu.lesson", "pk": 36, "fields": {"name": "From Single Cells to Societies: Exploring Ecosystems and Ecology", "link": "https://learnit.com/bio77", "product": 3}}, {"model": "edu.lesson", "pk": 37, "fields": {"name": "The Marvel of the Human Body: Unveiling Anatomy and Physiology", "link": "https://learnit.com/bio8", "product": 3}}, {"model": "edu.lesson", "pk": 38, "fields": {"name": "Reproduction: The Blueprint for Continuance", "link": "https://learnit.com/bio26", "product": 3}}, {"model": "edu.lesson", "pk": 39, "fields": {"name": "Evolution: A Story Written in Stone and Genes", "link": "https://learnit.com/bio59", "product": 3}}, {"model": "edu.lesson", "pk": 40, "fields": {"name": "Harnessing Nature's Medicine: Exploring Immunology", "link": "https://learnit.com/bio80", "product": 3}}, {"model": "edu.lesson", "pk": 41, "fields": {"name": "Biodiversity in a Changing World: Conservation and Sustainability", "link": "https://learnit.com/bio32", "product": 3}}, {"model": "edu.lesson", "pk": 42, "fields": {"name": "Unveiling the Mysteries of Motion: Exploring Newton's Laws", "link": "https://learnit.com/phy34", "product": 1}}, {"model": "edu.lesson", "pk": 43, "fields": {"name": "Demystifying Gravity: The Force that Binds", "link": "https://learnit.com/phy48", "product": 1}}, {"model": "edu.lesson", "pk": 44, "fields": {"name": "Decoding the Language of Light: Exploring Optics", "link": "https://learnit.com/phy54", "product": 1}}, {"model": "edu.lesson", "pk": 45, "fields": {"name": "Unraveling the Secrets of Electricity: Current", "link": "https://learnit.com/phy14", "product": 1}}, {"model": "edu.lesson", "pk": 48, "fields": {"name": "From Atoms to Stars: A Journey into the Quantum World", "link": "https://learnit.com/phy75", "product": 1}}, {"model": "edu.lesson", "pk": 49, "fields": {"name": "Mastering the Universe's Thermostat: Understanding Thermodynamics", "link": "https://learnit.com/phy70", "product": 1}}, {"model": "edu.lesson", "pk": 50, "fields": {"name": "Sound Sensations: Unveiling the Science of Acoustics", "link": "https://learnit.com/phy91", "product": 1}}, {"model": "edu.lesson", "pk": 51, "fields": {"name": "Bending the Rules of Time and Space: Exploring Relativity", "link": "https://learnit.com/phy93", "product": 1}}, {"model": "edu.lesson", "pk": 52, "fields": {"name": "Harnessing the Power of the Invisible: Unveiling the Electromagnetic Force", "link": "https://learnit.com/phy18", "product": 1}}, {"model": "edu.lesson", "pk": 53, "fields": {"name": "From Chaos to Order: Exploring Waves and Their Applications", "link": "https://learnit.com/phy11", "product": 1}}, {"model": "edu.user", "pk": 1, "fields": {"name": "Henry Bennet", "uid": "902e1fa9-27d8-4e6f-852a-d99f369c482a", "purchased_products": [1, 4]}}, {"model": "edu.user", "pk": 2, "fields": {"name": "Jeff Prescott", "uid": "6882b150-4228-45cc-9e23-31050c98555b", "purchased_products": [1, 2, 4]}}, {"model": "edu.user", "pk": 3, "fields": {"name": "Norman Hoff", "uid": "dc17e264-f178-4d3d-b79b-ea2ea9f52875", "purchased_products": [2]}}, {"model": "edu.user", "pk": 5, "fields": {"name": "Sharon Blake", "uid": "84ac5517-a16b-4fdd-8cef-8db011dc0075", "purchased_products": [2, 3, 4]}}, {"model": "edu.user", "pk": 6, "fields": {"name": "Briana Pham", "uid": "acb15606-1d3b-4d3d-aad8-7f0f23e99e1c", "purchased_products": [1, 2, 3, 4]}}, {"model": "edu.user", "pk": 7, "fields": {"name": "Steve Williams", "uid": "09b0fd5e-9cd7-481d-aed0-254d4ee61f23", "purchased_products": [1, 2, 4]}}, {"model": "edu.user", "pk": 8, "fields": {"name": "Thomas Wright", "uid": "22627637-6f96-4cb8-99e7-949c62ef681d", "purchased_products": [2, 4]}}, {"model": "edu.user", "pk": 9, "fields": {"name": "Michael Schultz", "uid": "4bb96335-b33b-4503-82df-8d6576b35d0a", "purchased_products": [2, 3]}}, {"model": "edu.user", "pk": 10, "fields": {"name": "Stacey Murphy", "uid": "05d75529-91d0-46c1-9180-6e52a4d961cc", "purchased_products": [1, 2, 3]}}, {"model": "edu.user", "pk": 11, "fields": {"name": "Kyle Rodriguez", "uid": "7b4b48ef-8615-4d09-862f-1812201fd3b2", "purchased_products": [1, 2, 3]}}, {"model": "edu.user", "pk": 12, "fields": {"name": "Lisa Weber", "uid": "d03bf50b-0a76-455a-b64d-5325ec21b7c6", "purchased_products": [1, 2, 4]}}, {"model": "edu.user", "pk": 13, "fields": {"name": "Samantha Riley", "uid": "e79a0ae5-51c4-428e-b01e-73efdf438f61", "purchased_products": [1]}}, {"model": "edu.user", "pk": 14, "fields": {"name": "Spencer Scott", "uid": "8f27d369-3e4f-4166-9019-c0f4274bfe18", "purchased_products": [1, 3]}}, {"model": "edu.user", "pk": 15, "fields": {"name": "Gordon West", "uid": "4eb1910c-b240-46fd-bb4b-11f220826e4d", "purchased_products": [1, 4]}}, {"model": "edu.user", "pk": 16, "fields": {"name": "Thomas Perez", "uid": "04e461f6-a56c-4891-bb86-4a1a52c626af", "purchased_products": [1, 2, 4]}}, {"model": "edu.user", "pk": 17, "fields": {"name": "Jorge Hill", "uid": "7397585b-36a2-4829-86e1-c0a85c74ea86", "purchased_products": [3]}}, {"model": "edu.user", "pk": 18, "fields": {"name": "Melissa Howard", "uid": "6c61a4a9-56de-41d9-9aef-1c50da36b32b", "purchased_products": [2, 3, 4]}}, {"model": "edu.user", "pk": 19, "fields": {"name": "Robert Knight", "uid": "0680a987-4245-4b4f-95cc-e60a994cc519", "purchased_products": [1, 2, 3, 4]}}, {"model": "edu.user", "pk": 20, "fields": {"name": "Todd Mcgee", "uid": "3c25713c-1cbb-4fe9-9950-8e9a94109083", "purchased_products": []}}, {"model": "edu.user", "pk": 21, "fields": {"name": "Katelyn Myers", "uid": "a23b487c-1191-43c9-93c9-2a48b2fb303d", "purchased_products": [1, 4]}}, {"model": "edu.user", "pk": 22, "fields": {"name": "Calvin Turner", "uid": "e6fdc696-4d4a-43ed-82a8-160b3f451af0", "purchased_products": [1, 3, 4]}}, {"model": "edu.user", "pk": 23, "fields": {"name": "Scott Allen", "uid": "2aa68f1d-7171-4e03-9cff-b7d5fdfc4588", "purchased_products": [2, 3, 4]}}, {"model": "edu.user", "pk": 24, "fields": {"name": "Jenny Mcguire", "uid": "0a758b69-10a0-483d-81f1-948ab292f628", "purchased_products": [4]}}, {"model": "edu.user", "pk": 25, "fields": {"name": "Laura Singh", "uid": "d36a2a53-e2dd-49d1-b272-2c18ad4574b9", "purchased_products": [3, 4]}}, {"model": "edu.user", "pk": 26, "fields": {"name": "Richard Lopez", "uid": "1eda20ad-24d6-48bf-8535-0e980d25c16d", "purchased_products": [1, 4]}}, {"model": "edu.user", "pk": 27, "fields": {"name": "Bryan Kelley", "uid": "3eb9b410-470e-4299-bc75-4b6f6974db15", "purchased_products": [3, 4]}}, {"model": "edu.user", "pk": 28, "fields": {"name": "Alicia Smith", "uid": "fe010baa-a4ef-442f-97d3-f3cb46706108", "purchased_products": [1, 2]}}, {"model": "edu.user", "pk": 29, "fields": {"name": "Jennifer Harris", "uid": "a2029fd6-2e62-4d12-8f68-e8c851bf2bcd", "purchased_products": [1, 4]}}, {"model": "edu.user", "pk": 30, "fields": {"name": "Sarah Gonzalez", "uid": "47e3b576-627d-47b0-adf5-ec7cac831e89", "purchased_products": [1, 2, 3]}}, {"model": "edu.user", "pk": 31, "fields": {"name": "Brandy Hernandez", "uid": "5f3fabb4-8067-4479-9140-b0cca2149d6c", "purchased_products": [1, 2, 4]}}, {"model": "edu.user", "pk": 32, "fields": {"name": "Robert Sexton", "uid": "7af5ab79-050c-45ee-a8cd-c48924dab6fa", "purchased_products": [3, 4]}}, {"model": "edu.user", "pk": 33, "fields": {"name": "Yesenia Perry DDS", "uid": "3b7fdbb8-cad5-47d2-8750-ff3690e9a8ba", "purchased_products": [1, 3, 4]}}, {"model": "edu.user", "pk": 34, "fields": {"name": "Matthew Matthews", "uid": "011f4e9e-015e-457d-b97d-88fc1f2606d1", "purchased_products": [2, 3]}}, {"model": "edu.user", "pk": 35, "fields": {"name": "Mary Miller", "uid": "24131914-9d7e-4828-92c4-3ddae7d5256b", "purchased_products": [2, 4]}}, {"model": "edu.user", "pk": 36, "fields": {"name": "Mrs. Vicki Hoffman", "uid": "6879b194-2ed1-4dda-8f5d-b805cb6dc561", "purchased_products": [1, 3, 4]}}, {"model": "edu.user", "pk": 37, "fields": {"name": "Shirley Matthews", "uid": "bad136f2-a5da-49e5-81de-a108649b0a10", "purchased_products": [1, 2, 3]}}, {"model": "edu.user", "pk": 38, "fields": {"name": "Lisa Wagner", "uid": "ee9477e5-910c-482f-9cb0-f846ffa0c542", "purchased_products": [1, 2]}}, {"model": "edu.user", "pk": 39, "fields": {"name": "John Gonzales", "uid": "6b5b451b-1c0d-4798-b7e2-cf34c48d76e8", "purchased_products": [1, 2, 3, 4]}}, {"model": "edu.user", "pk": 40, "fields": {"name": "Marcus Robertson", "uid": "e8d4267c-af64-4360-bfc6-ed6db74952b2", "purchased_products": [3]}}, {"model": "edu.user", "pk": 41, "fields": {"name": "Phillip Wallace", "uid": "0a07abe0-ef35-4591-a7ea-6aec97d8c129", "purchased_products": [1, 3, 4]}}, {"model": "edu.user", "pk": 42, "fields": {"name": "Mary Adams", "uid": "43d3d164-24ca-4682-917e-59a9da454e5d", "purchased_products": [1]}}, {"model": "edu.user", "pk": 43, "fields": {"name": "Dylan Lane", "uid": "f1906499-4b5f-4d1b-ab3b-a705cdb76166", "purchased_products": [1, 2, 3]}}, {"model": "edu.user", "pk": 44, "fields": {"name": "Amy Reilly", "uid": "e014170a-d792-4bf1-a5f7-06acf365f2dd", "purchased_products": [2]}}, {"model": "edu.user", "pk": 45, "fields": {"name": "Marcia Turner", "uid": "397bd8b3-0b5e-4428-b7e4-8bc9e2d33c52", "purchased_products": [1, 2]}}, {"model": "edu.user", "pk": 46, "fields": {"name": "Courtney Hill", "uid": "8866b050-91ce-4c68-8363-3d8e2aa1e313", "purchased_products": [1, 2, 3, 4]}}, {"model": "edu.user", "pk": 47, "fields": {"name": "Michael Macdonald", "uid": "7e96f9ea-04e2-4bee-94a8-38a967f5b0a3", "purchased_products": [1, 4]}}, {"model": "edu.user", "pk": 48, "fields": {"name": "David Bradshaw", "uid": "2495b4fb-5dd6-475c-a9b4-959eafe7bbaf", "purchased_products": [1, 2, 4]}}, {"model": "edu.user", "pk": 49, "fields": {"name": "Robert Walsh", "uid": "4c0346d5-a552-44c8-979e-ee1b49723e1a", "purchased_products": [2, 3, 4]}}, {"model": "edu.user", "pk": 50, "fields": {"name": "Kevin Long", "uid": "1091746d-b9e1-46c9-b1df-aed261811739", "purchased_products": [1, 2, 3, 4]}}, {"model": "edu.user", "pk": 51, "fields": {"name": "Calvin Martin", "uid": "d5c191f5-e460-4242-b4ac-a8f8b67054bf", "purchased_products": [3]}}, {"model": "edu.user", "pk": 52, "fields": {"name": "Aaron Brown", "uid": "afb2c3a1-2c1b-4831-bb46-77164157cf74", "purchased_products": [1, 2, 4]}}, {"model": "edu.user", "pk": 53, "fields": {"name": "Lawrence Mccoy", "uid": "2a9365cb-5c49-43c4-a3aa-fce1ace1b987", "purchased_products": []}}, {"model": "edu.user", "pk": 54, "fields": {"name": "Robert Neal", "uid": "7f42b22c-71e7-4497-af2a-049b2ffe98be", "purchased_products": [1, 3, 4]}}, {"model": "edu.user", "pk": 55, "fields": {"name": "Stephanie Cuevas", "uid": "82baac96-3d63-4b5b-af7e-c8eb3f309397", "purchased_products": [1, 2, 4]}}, {"model": "edu.user", "pk": 56, "fields": {"name": "Linda Morris", "uid": "1142f619-fe26-40da-80e1-14b924d10905", "purchased_products": [2, 3]}}, {"model": "edu.user", "pk": 57, "fields": {"name": "Jessica Bowman", "uid": "18c9e9c2-8360-47f3-b740-7b0db996aa77", "purchased_products": [1, 2, 3, 4]}}, {"model": "edu.user", "pk": 58, "fields": {"name": "Christine Woods", "uid": "fa1aae8c-197f-4800-b634-fa2780136cd6", "purchased_products": [1, 2, 3]}}, {"model": "edu.user", "pk": 59, "fields": {"name": "Kirsten Reeves", "uid": "63f653dc-63cb-4453-832b-0ccc65134d7f", "purchased_products": [3, 4]}}, {"model": "edu.user", "pk": 60, "fields": {"name": "Paige Sims", "uid": "4d6bf154-d895-4048-85cb-c077192f79b7", "purchased_products": [2, 4]}}, {"model": "edu.user", "pk": 61, "fields": {"name": "Anthony Moreno", "uid": "18b1fd2e-0aa9-468f-964e-b51163c4edf3", "purchased_products": [2]}}, {"model": "edu.user", "pk": 62, "fields": {"name": "Mary Fields", "uid": "7745033f-7c58-4606-b368-c6214091396d", "purchased_products": [1, 3]}}, {"model": "edu.user", "pk": 63, "fields": {"name": "Jody King", "uid": "b29c54a4-807f-4022-9e7f-69c881163fc5", "purchased_products": [2, 3]}}, {"model": "edu.user", "pk": 64, "fields": {"name": "Dr. Angela Wang", "uid": "86ddc882-a1f9-4fe5-b93a-4335b0a3a358", "purchased_products": [3, 4]}}, {"model": "edu.user", "pk": 65, "fields": {"name": "Tonya Pitts", "uid": "5ea1406b-b979-4e62-82ad-7977bda40672", "purchased_products": [3]}}, {"model": "edu.user", "pk": 66, "fields": {"name": "James Kennedy", "uid": "e985250e-f997-4baf-bf23-357cb712993b", "purchased_products": [2]}}, {"model": "edu.user", "pk": 67, "fields": {"name": "Kristie Pena", "uid": "0c5cf5f0-beb5-450a-a5be-58036c941bdb", "purchased_products": [1, 2, 4]}}, {"model": "edu.user", "pk": 68, "fields": {"name": "William Vance", "uid": "d141dc35-3975-4d38-ae1c-53deedb5f2c9", "purchased_products": [3]}}, {"model": "edu.user", "pk": 69, "fields": {"name": "Johnny Powell", "uid": "466b9e36-144a-4018-8869-8f491c5e8f69", "purchased_products": [1, 2, 3]}}, {"model": "edu.user", "pk": 70, "fields": {"name": "Tracy Smith", "uid": "b74bc9d8-d8db-4ab2-ae28-df1bafede327", "purchased_products": [1, 4]}}, {"model": "edu.user", "pk": 71, "fields": {"name": "Sharon Nicholson", "uid": "b2fca8f0-025d-4271-9b3f-6e6438d03e90", "purchased_products": [2, 3]}}, {"model": "edu.user", "pk": 72, "fields": {"name": "Mitchell Sanchez", "uid": "38a81c10-b8b2-4a7a-b46c-711a49678eca", "purchased_products": [2]}}, {"model": "edu.user", "pk": 73, "fields": {"name": "Annette Huynh", "uid": "9edf34db-0721-4401-96f5-6ae5d06bdfd5", "purchased_products": [1, 2]}}, {"model": "edu.user", "pk": 74, "fields": {"name": "Javier Joseph", "uid": "7370ff61-2691-4845-b73b-b151ff5daf77", "purchased_products": [1, 4]}}, {"model": "edu.user", "pk": 75, "fields": {"name": "Nancy Daniels", "uid": "2cccd19b-4b0c-483d-b79f-e13b2c82471b", "purchased_products": [2]}}, {"model": "edu.user", "pk": 76, "fields": {"name": "Amanda Smith", "uid": "e47780fe-fc38-4225-9222-ba2aeb480201", "purchased_products": [2, 3, 4]}}, {"model": "edu.user", "pk": 77, "fields": {"name": "Angela Ellis", "uid": "5f2046c6-aa5c-4c02-850f-47ab36f1727f", "purchased_products": [1, 2]}}, {"model": "edu.user", "pk": 78, "fields": {"name": "Andrea Osborne", "uid": "e780c81d-ed38-4f4b-8039-1a458581b0a1", "purchased_products": [1]}}, {"model": "edu.user", "pk": 79, "fields": {"name": "David Olson", "uid": "e200722f-39ae-4c69-86ef-ec82ca7e9fd2", "purchased_products": [1, 2, 3, 4]}}, {"model": "edu.user", "pk": 80, "fields": {"name": "Diane Cooper", "uid": "5747584b-6402-4e35-9d31-f3d1ec4c9af6", "purchased_products": [1, 3, 4]}}, {"model": "edu.user", "pk": 81, "fields": {"name": "Christopher Ford", "uid": "be5c4d8c-ee9d-4079-a983-1719ecb5d5c1", "purchased_products": [1, 3, 4]}}, {"model": "edu.user", "pk": 82, "fields": {"name": "Eric Douglas", "uid": "b00d0e9a-9f32-4182-8c4a-62ce2d94e534", "purchased_products": [3, 4]}}, {"model": "edu.user", "pk": 83, "fields": {"name": "Dylan Nichols", "uid": "a665f651-5bdb-4bbb-8559-a7fe4bb21a23", "purchased_products": [1, 2, 3, 4]}}, {"model": "edu.user", "pk": 84, "fields": {"name": "Michelle Hernandez", "uid": "9713da4a-0600-4bcc-9c60-391b56169cf0", "purchased_products": [1, 4]}}, {"model": "edu.user", "pk": 85, "fields": {"name": "Joshua Rodriguez", "uid": "9ddd76da-d1a7-4096-85b6-e6bc0646f31f", "purchased_products": [1, 2, 3, 4]}}, {"model": "edu.user", "pk": 86, "fields": {"name": "Frederick Johnson", "uid": "f91479a0-d32a-4cb4-9de6-10b09fe34d8f", "purchased_products": [2, 3, 4]}}, {"model": "edu.user", "pk": 87, "fields": {"name": "Mrs. Jaime Stark", "uid": "6d93f3a4-383e-4766-99eb-e00daefd0853", "purchased_products": [1, 2]}}, {"model": "edu.user", "pk": 88, "fields": {"name": "Jamie Hinton", "uid": "97eb07ec-8a6a-4e9a-a66d-b02e42fa5a58", "purchased_products": [4]}}, {"model": "edu.user", "pk": 89, "fields": {"name": "Teresa Burch", "uid": "58b06bb6-8fe8-4200-805c-9279a3752de5", "purchased_products": [1, 2, 3]}}, {"model": "edu.user", "pk": 90, "fields": {"name": "Karen Williams", "uid": "2466dade-8878-483a-8227-d7ee825422c4", "purchased_products": [1, 2, 3, 4]}}, {"model": "edu.user", "pk": 91, "fields": {"name": "David Johnson", "uid": "62ab9326-a8e7-406e-9a22-ac2103e17dda", "purchased_products": [3]}}, {"model": "edu.user", "pk": 92, "fields": {"name": "Thomas Johnson", "uid": "2ca567ec-e251-4163-933e-94c15220caf7", "purchased_products": [2, 3, 4]}}, {"model": "edu.user", "pk": 93, "fields": {"name": "Glenn Harris", "uid": "ebdb166e-8977-4dc5-b46e-bc006845a1e5", "purchased_products": [3, 4]}}, {"model": "edu.user", "pk": 94, "fields": {"name": "Jamie Moore", "uid": "b02e08d0-ad11-471c-a71d-db5d7f8124f2", "purchased_products": [1, 3, 4]}}, {"model": "edu.user", "pk": 95, "fields": {"name": "Jeffrey Richardson", "uid": "c261d919-1f3e-4a40-b150-0b5ca0049c23", "purchased_products": [2, 3, 4]}}, {"model": "edu.user", "pk": 96, "fields": {"name": "Michael Reynolds", "uid": "f0522bb2-6599-4214-a8d8-ee36d7b0c312", "purchased_products": [1, 2, 4]}}, {"model": "edu.user", "pk": 97, "fields": {"name": "Kelly Hubbard", "uid": "5b9e64cd-9699-4641-b08b-ec4250fd18a6", "purchased_products": [1, 4]}}, {"model": "edu.user", "pk": 98, "fields": {"name": "Shelly Hampton", "uid": "9d771ca1-6dfb-41d2-b6ce-1b30f2a2e3bc", "purchased_products": [1, 3, 4]}}, {"model": "edu.user", "pk": 99, "fields": {"name": "Deanna Hall", "uid": "10d8c000-36d9-4817-b8fb-c2beb93ac37d", "purchased_products": [2, 3, 4]}}, {"model": "edu.user", "pk": 100, "fields": {"name": "John Myers", "uid": "9893d680-508f-4ff9-a6d5-37fe8f87c0cd", "purchased_products": [2, 3]}}, {"model": "edu.user", "pk": 101, "fields": {"name": "Mr. Michael Bishop III", "uid": "b778ea9c-e8ea-4c85-890c-e236366f09ec", "purchased_products": [2]}}, {"model": "edu.user", "pk": 102, "fields": {"name": "Stephen Nguyen", "uid": "7e0085be-1b38-4f71-a967-6edb73c68f92", "purchased_products": [3, 4]}}, {"model": "edu.user", "pk": 103, "fields": {"name": "Jeffrey Brown", "uid": "7e83ba78-6f92-4461-9a59-bfee6b1fa5cc", "purchased_products": [1, 3]}}, {"model": "edu.user", "pk": 104, "fields": {"name": "Joan Butler", "uid": "aac17252-57c7-4e0c-be53-76a3843e9e9b", "purchased_products": [2, 3]}}, {"model": "edu.user", "pk": 105, "fields": {"name": "Troy Garcia", "uid": "6ffe8a1d-0ba0-46be-990d-79f7b3537ff7", "purchased_products": [1]}}]